-- =============================================================
--  03_insert_data.sql
--  Remise à zéro et insertion de toutes les données de référence
--  Ordre de suppression : dépendants d'abord (FK oblige)
--  Ordre d'insertion   : parents d'abord
-- =============================================================

-- -------------------------------------------------------------
-- 0. NETTOYAGE (ordre inverse des dépendances FK)
-- -------------------------------------------------------------
DELETE FROM escale;
DELETE FROM propriete_navire;
DELETE FROM navire;
DELETE FROM port;
DELETE FROM constructeur;
DELETE FROM proprietaire;
DELETE FROM societe_classification;
DELETE FROM pavillon;
DELETE FROM type_navire;
DELETE FROM categorie_principale;


-- -------------------------------------------------------------
-- 1. CATEGORIE_PRINCIPALE
-- -------------------------------------------------------------
INSERT INTO categorie_principale (id_categorie, nom_categorie, description) VALUES
(1, 'Cargo sec',            'Marchandises solides en vrac, marchandises diverses, conteneurs'),
(2, 'Cargo liquide',        'Liquides en vrac (petrole, gaz liquefie, produits chimiques)'),
(3, 'Cargo specialise',     'Marchandises necessitant un transport particulier (refrigere, vehicules, animaux)'),
(4, 'Passager',             'Transport de passagers (ferries, paquebots, croisieres)'),
(5, 'Service portuaire',    'Navires de service en zone portuaire (remorqueurs, pilotage)'),
(6, 'Offshore et soutien',  'Navires de soutien aux activites offshore (ravitailleurs, plateformes)'),
(7, 'Navigation interieure','Navires operant en riviere, lac ou canal'),
(8, 'Autre',                'Categorie residuelle (loisirs, peche, militaire, recherche)');


-- -------------------------------------------------------------
-- 2. TYPE_NAVIRE
-- -------------------------------------------------------------
INSERT INTO type_navire (id_type_navire, nom_type, id_categorie, description) VALUES
(1500, 'General cargo vessel',                            1, 'Navire cargo general'),
(1510, 'Container ship, ro-ro cargo ship, or lash ship',  1, 'Porte-conteneurs, navire ro-ro cargo ou lash ship'),
(1520, 'Bulk carrier',                                    1, 'Vraquier'),
(1530, 'Non gas tanker',                                  2, 'Navire-citerne non gazier (chimiquier, petrolier produits)'),
(1540, 'Liquefied gas tanker',                            2, 'Navire-citerne pour gaz liquefie'),
(1590, 'Passenger vessel',                                4, 'Navire a passagers maritime'),
(1592, 'Ferry, ro-ro ship',                               4, 'Ferry ou navire ro-ro non limite au transport cargo'),
(1601, 'Ocean tugboat, supply vessel: single',            5, 'Remorqueur oceanique ou navire de ravitaillement seul'),
(1602, 'Ocean tugboat, supply vessel: tugging',           5, 'Remorqueur oceanique ou navire de ravitaillement en remorquage'),
(1750, 'Fishing boat',                                    8, 'Bateau de peche maritime'),
(1830, 'Sailing yacht',                                   8, 'Yacht a voile'),
(8030, 'Container vessel',                                7, 'Navire transportant des conteneurs en navigation interieure');


-- -------------------------------------------------------------
-- 3. PAVILLON
-- -------------------------------------------------------------
INSERT INTO pavillon (id_pavillon, nom_pays, code_iso2, code_iso3) VALUES
(1,   'Panama',                           'PA', 'PAN'),
(2,   'Liberia',                          'LR', 'LBR'),
(3,   'Marshall Islands',                 'MH', 'MHL'),
(4,   'Singapore',                        'SG', 'SGP'),
(5,   'Malta',                            'MT', 'MLT'),
(6,   'Cyprus',                           'CY', 'CYP'),
(7,   'Bahamas',                          'BS', 'BHS'),
(8,   'Hong Kong',                        'HK', 'HKG'),
(9,   'United Kingdom',                   'GB', 'GBR'),
(10,  'France',                           'FR', 'FRA'),
(11,  'Germany',                          'DE', 'DEU'),
(12,  'Norway',                           'NO', 'NOR'),
(13,  'Denmark',                          'DK', 'DNK'),
(14,  'Greece',                           'GR', 'GRC'),
(15,  'Italy',                            'IT', 'ITA'),
(16,  'Japan',                            'JP', 'JPN'),
(17,  'China',                            'CN', 'CHN'),
(18,  'South Korea',                      'KR', 'KOR'),
(19,  'United States',                    'US', 'USA'),
(20,  'Netherlands',                      'NL', 'NLD'),
(21,  'Belgium',                          'BE', 'BEL'),
(22,  'Spain',                            'ES', 'ESP'),
(23,  'Portugal',                         'PT', 'PRT'),
(24,  'Sweden',                           'SE', 'SWE'),
(25,  'Finland',                          'FI', 'FIN'),
(26,  'Poland',                           'PL', 'POL'),
(27,  'Turkiye',                          'TR', 'TUR'),
(28,  'Russian Federation',               'RU', 'RUS'),
(29,  'Ukraine',                          'UA', 'UKR'),
(30,  'Croatia',                          'HR', 'HRV'),
(31,  'Romania',                          'RO', 'ROU'),
(32,  'Bulgaria',                         'BG', 'BGR'),
(33,  'Estonia',                          'EE', 'EST'),
(34,  'Latvia',                           'LV', 'LVA'),
(35,  'Lithuania',                        'LT', 'LTU'),
(36,  'Iceland',                          'IS', 'ISL'),
(37,  'Ireland',                          'IE', 'IRL'),
(38,  'Switzerland',                      'CH', 'CHE'),
(39,  'Austria',                          'AT', 'AUT'),
(40,  'Monaco',                           'MC', 'MCO'),
(41,  'Luxembourg',                       'LU', 'LUX'),
(42,  'Albania',                          'AL', 'ALB'),
(43,  'Montenegro',                       'ME', 'MNE'),
(44,  'Slovenia',                         'SI', 'SVN'),
(45,  'Israel',                           'IL', 'ISR'),
(46,  'Lebanon',                          'LB', 'LBN'),
(47,  'Morocco',                          'MA', 'MAR'),
(48,  'Qatar',                            'QA', 'QAT'),
(49,  'United Arab Emirates',             'AE', 'ARE'),
(50,  'Saudi Arabia',                     'SA', 'SAU'),
(51,  'Kuwait',                           'KW', 'KWT'),
(52,  'Bahrain',                          'BH', 'BHR'),
(53,  'Oman',                             'OM', 'OMN'),
(54,  'Yemen',                            'YE', 'YEM'),
(55,  'Egypt',                            'EG', 'EGY'),
(56,  'Tunisia',                          'TN', 'TUN'),
(57,  'Algeria',                          'DZ', 'DZA'),
(58,  'Libya',                            'LY', 'LBY'),
(59,  'Jordan',                           'JO', 'JOR'),
(60,  'Iraq',                             'IQ', 'IRQ'),
(61,  'Syrian Arab Republic',             'SY', 'SYR'),
(62,  'Iran',                             'IR', 'IRN'),
(63,  'India',                            'IN', 'IND'),
(64,  'Pakistan',                         'PK', 'PAK'),
(65,  'Bangladesh',                       'BD', 'BGD'),
(66,  'Sri Lanka',                        'LK', 'LKA'),
(67,  'Indonesia',                        'ID', 'IDN'),
(68,  'Malaysia',                         'MY', 'MYS'),
(69,  'Thailand',                         'TH', 'THA'),
(70,  'Viet Nam',                         'VN', 'VNM'),
(71,  'Philippines',                      'PH', 'PHL'),
(72,  'Taiwan',                           'TW', 'TWN'),
(73,  'Australia',                        'AU', 'AUS'),
(74,  'New Zealand',                      'NZ', 'NZL'),
(75,  'Canada',                           'CA', 'CAN'),
(76,  'Mexico',                           'MX', 'MEX'),
(77,  'Brazil',                           'BR', 'BRA'),
(78,  'Argentina',                        'AR', 'ARG'),
(79,  'Chile',                            'CL', 'CHL'),
(80,  'Colombia',                         'CO', 'COL'),
(81,  'Peru',                             'PE', 'PER'),
(82,  'Ecuador',                          'EC', 'ECU'),
(83,  'Uruguay',                          'UY', 'URY'),
(84,  'Venezuela',                        'VE', 'VEN'),
(85,  'Costa Rica',                       'CR', 'CRI'),
(86,  'Cuba',                             'CU', 'CUB'),
(87,  'Jamaica',                          'JM', 'JAM'),
(88,  'Antigua and Barbuda',              'AG', 'ATG'),
(89,  'Barbados',                         'BB', 'BRB'),
(90,  'Saint Kitts and Nevis',            'KN', 'KNA'),
(91,  'Saint Vincent and the Grenadines', 'VC', 'VCT'),
(92,  'Trinidad and Tobago',              'TT', 'TTO'),
(93,  'South Africa',                     'ZA', 'ZAF'),
(94,  'Nigeria',                          'NG', 'NGA'),
(95,  'Ghana',                            'GH', 'GHA'),
(96,  'Cote d''Ivoire',                   'CI', 'CIV'),
(97,  'Senegal',                          'SN', 'SEN'),
(98,  'Seychelles',                       'SC', 'SYC'),
(99,  'Mauritius',                        'MU', 'MUS'),
(100, 'Madagascar',                       'MG', 'MDG'),
(101, 'Kenya',                            'KE', 'KEN'),
(102, 'Tanzania',                         'TZ', 'TZA'),
(103, 'Angola',                           'AO', 'AGO'),
(104, 'Namibia',                          'NA', 'NAM'),
(105, 'Cameroon',                         'CM', 'CMR'),
(106, 'Congo, Democratic Republic of the','CD', 'COD'),
(107, 'Congo',                            'CG', 'COG'),
(108, 'Faroe Islands',                    'FO', 'FRO'),
(109, 'Tonga',                            'TO', 'TON'),
(110, 'Samoa',                            'WS', 'WSM'),
(111, 'Vanuatu',                          'VU', 'VUT'),
(112, 'Comoros',                          'KM', 'COM'),
(113, 'Sierra Leone',                     'SL', 'SLE'),
(114, 'Sudan',                            'SD', 'SDN');


-- -------------------------------------------------------------
-- 4. SOCIETE_CLASSIFICATION
-- -------------------------------------------------------------
INSERT INTO societe_classification (id_societe_classification, nom_societe, sigle, code_iso2_pays, site_web) VALUES
(1,  'American Bureau of Shipping',           'ABS',     'US', 'https://ww2.eagle.org'),
(2,  'Bureau Veritas Marine & Offshore',      'BV',      'FR', 'https://marine-offshore.bureauveritas.com'),
(3,  'China Classification Society',          'CCS',     'CN', 'https://www.ccs.org.cn'),
(4,  'Croatian Register of Shipping',         'CRS',     'HR', 'https://www.crs.hr'),
(5,  'DNV',                                   'DNV',     'NO', 'https://www.dnv.com/maritime'),
(6,  'Indian Register of Shipping',           'IRClass', 'IN', 'https://www.irclass.org'),
(7,  'Korean Register',                       'KR',      'KR', 'https://www.krs.co.kr'),
(8,  'Lloyd''s Register',                     'LR',      'GB', 'https://www.lr.org'),
(9,  'Nippon Kaiji Kyokai',                   'ClassNK', 'JP', 'https://www.classnk.or.jp'),
(10, 'Polish Register of Shipping',           'PRS',     'PL', 'https://www.prs.pl'),
(11, 'Registro Italiano Navale',              'RINA',    'IT', 'https://www.rina.org'),
(12, 'Turk Loydu',                            'TL',      'TR', 'https://www.turkloydu.org'),
(13, 'Russian Maritime Register of Shipping', 'RS',      'RU', 'https://rs-class.org'),
(14, 'Hellenic Register of Shipping',         'HRS',     'GR', 'https://www.hrs.gr'),
(15, 'International Naval Surveys Bureau',    'INSB',    'GR', 'https://www.insb.gr'),
(16, 'Phoenix Register of Shipping',          'PHRS',    'GR', 'https://www.phrs.gr'),
(17, 'Bulgarian Register of Shipping',        'BRS',     'BG', 'https://www.brs-bg.com'),
(18, 'Vietnam Register',                      'VR',      'VN', 'https://www.vr.org.vn'),
(19, 'Indonesian Classification Bureau',      'BKI',     'ID', 'https://www.bki.co.id'),
(20, 'Shipping Register of Ukraine',          'SRU',     'UA', 'https://shipregister.ua');


-- -------------------------------------------------------------
-- 5. PORT
-- -------------------------------------------------------------
INSERT INTO port (id_port, nom_port, nom_formel, code_iso2_pays, latitude, longitude, taille_port, type_port, capacite_max_navire) VALUES
(2235,  'Montreal',                    'Port of Montreal',                    'CA',  45.516670,  -73.550000, 'Large',      'River Natural',      'Over 500'''),
(7640,  'New York City',               'Port of New York City',               'US',  40.700000,  -74.016670, 'Large',      'River Natural',      'Over 500'''),
(8280,  'Norfolk',                     'Port of Norfolk',                     'US',  36.850000,  -76.300000, 'Large',      'River Natural',      'Over 500'''),
(8640,  'Miami',                       'Port of Miami',                       'US',  25.783330,  -80.183330, 'Small',      'Coastal Natural',    'Over 500'''),
(8770,  'Mobile',                      'Port of Mobile',                      'US',  30.683330,  -88.116670, 'Large',      'River Natural',      'Over 500'''),
(8860,  'New Orleans',                 'Port of New Orleans',                 'US',  29.950000,  -90.050000, 'Large',      'River Natural',      'Over 500'''),
(9240,  'Houston',                     'Port of Houston',                     'US',  29.750000,  -95.283330, 'Large',      'River Tide Gate',    'Over 500'''),
(9380,  'Veracruz',                    'Port of Veracruz',                    'MX',  19.200000,  -96.133330, 'Medium',     'Coastal Breakwater', 'Over 500'''),
(12970, 'Santos',                      'Port of Santos',                      'BR', -23.950000,  -46.300000, 'Large',      'Coastal Natural',    'Over 500'''),
(13760, 'Buenos Aires',                'Port of Buenos Aires',                'AR', -34.600000,  -58.366670, 'Large',      'Coastal Breakwater', 'Over 500'''),
(16070, 'Long Beach',                  'Port of Long Beach',                  'US',  33.766670, -118.183330, 'Medium',     'Coastal Breakwater', 'Over 500'''),
(18150, 'Vancouver',                   'Port of Vancouver',                   'CA',  49.283330, -123.116670, 'Large',      'Coastal Natural',    'Over 500'''),
(23160, 'Bergen',                      'Port of Bergen',                      'NO',  60.400000,    5.316670, 'Medium',     'Coastal Natural',    'Over 500'''),
(23480, 'Stavanger',                   'Port of Stavanger',                   'NO',  58.966670,    5.750000, 'Medium',     'Coastal Breakwater', 'Over 500'''),
(23810, 'Oslo',                        'Port of Oslo',                        'NO',  59.916670,   10.750000, 'Large',      'Coastal Natural',    'Over 500'''),
(24020, 'Goteborg',                    'Port of Goteborg',                    'SE',  57.700000,   11.966670, 'Large',      'River Tide Gate',    'Over 500'''),
(25380, 'Stockholm',                   'Port of Stockholm',                   'SE',  59.333330,   18.050000, 'Large',      'Coastal Breakwater', 'Under 500'''),
(28190, 'Helsinki',                    'Port of Helsinki',                    'FI',  60.166670,   24.966670, 'Large',      'Coastal Breakwater', 'Over 500'''),
(29230, 'Kobenhavn',                   'Port of Kobenhavn',                   'DK',  55.700000,   12.610000, 'Large',      'Coastal Breakwater', 'Over 500'''),
(30260, 'Arhus',                       'Port of Arhus',                       'DK',  56.150000,   10.216670, 'Medium',     'Coastal Breakwater', 'Over 500'''),
(30780, 'Hamburg',                     'Port of Hamburg',                     'DE',  53.550000,    9.933330, 'Large',      'Lake or Canal',      'Under 500'''),
(30810, 'Bremerhaven',                 'Port of Bremerhaven',                 'DE',  53.533330,    8.583330, 'Large',      'River Tide Gate',    'Under 500'''),
(30910, 'Wilhelmshaven',               'Port of Wilhelmshaven',               'DE',  53.533330,    8.166670, 'Small',      'Coastal Tide Gate',  'Under 500'''),
(31060, 'Amsterdam',                   'Port of Amsterdam',                   'NL',  52.366670,    4.900000, 'Large',      'Lake or Canal',      'Under 500'''),
(31140, 'Rotterdam',                   'Port of Rotterdam',                   'NL',  51.900000,    4.483330, 'Large',      'River Basin',        'Over 500'''),
(31250, 'Antwerpen',                   'Port of Antwerpen',                   'BE',  51.216670,    4.400000, 'Large',      'River Tide Gate',    'Under 500'''),
(31280, 'Zeebrugge',                   'Port of Zeebrugge',                   'BE',  51.333330,    3.200000, 'Medium',     'Coastal Breakwater', 'Over 500'''),
(31470, 'London',                      'Port of London',                      'GB',  51.500000,   -0.083330, 'Large',      'River Basin',        'Over 500'''),
(31560, 'Felixstowe',                  'Port of Felixstowe',                  'GB',  51.950000,    1.316670, 'Very Small', 'River Natural',      'Over 500'''),
(34690, 'Liverpool',                   'Port of Liverpool',                   'GB',  53.416670,   -3.000000, 'Large',      'River Tide Gate',    'Over 500'''),
(35580, 'Southampton',                 'Port of Southampton',                 'GB',  50.900000,   -1.400000, 'Large',      'River Basin',        'Over 500'''),
(35840, 'Port Of Le Havre',            'Port of Port Of Le Havre',            'FR',  49.483330,    0.116670, 'Large',      'River Tide Gate',    'Over 500'''),
(38290, 'Cadiz',                       'Port of Cadiz',                       'ES',  36.533330,   -6.300000, 'Medium',     'Coastal Breakwater', 'Under 500'''),
(38310, 'Algeciras',                   'Port of Algeciras',                   'ES',  36.133330,   -5.433330, 'Small',      'Coastal Breakwater', 'Over 500'''),
(38480, 'Valencia',                    'Port of Valencia',                    'ES',  39.450000,   -0.316670, 'Medium',     'Coastal Breakwater', 'Under 500'''),
(38540, 'Tarragona',                   'Port of Tarragona',                   'ES',  41.100000,    1.233330, 'Large',      'Coastal Breakwater', 'Under 500'''),
(38550, 'Barcelona',                   'Port of Barcelona',                   'ES',  41.350000,    2.166670, 'Large',      'Coastal Breakwater', 'Over 500'''),
(38750, 'Sete',                        'Port of Sete',                        'FR',  43.400000,    3.700000, 'Small',      'Coastal Breakwater', 'Under 500'''),
(38810, 'Marseille',                   'Port of Marseille',                   'FR',  43.316670,    5.366670, 'Small',      'Coastal Breakwater', 'Over 500'''),
(39420, 'Rada Di Vado',                'Port of Rada Di Vado',                'IT',  44.266670,    8.433330, 'Medium',     'Open Roadstead',     'Under 500'''),
(39440, 'Savona',                      'Port of Savona',                      'IT',  44.316670,    8.500000, 'Small',      'Coastal Breakwater', 'Under 500'''),
(39470, 'Genova',                      'Port of Genova',                      'IT',  44.400000,    8.933330, 'Large',      'Coastal Breakwater', 'Under 500'''),
(39520, 'La Spezia',                   'Port of La Spezia',                   'IT',  44.100000,    9.833330, 'Medium',     'Coastal Breakwater', 'Over 500'''),
(39590, 'Livorno',                     'Port of Livorno',                     'IT',  43.550000,   10.316670, 'Small',      'Coastal Breakwater', 'Over 500'''),
(39810, 'Civitavecchia',               'Port of Civitavecchia',               'IT',  42.100000,   11.780000, 'Medium',     'Coastal Breakwater', 'Under 500'''),
(39960, 'Napoli',                      'Port of Napoli',                      'IT',  40.850000,   14.266670, 'Large',      'Coastal Breakwater', 'Over 500'''),
(40040, 'Salerno',                     'Port of Salerno',                     'IT',  40.666670,   14.750000, 'Small',      'Coastal Breakwater', 'Under 500'''),
(40110, 'Milazzo',                     'Port of Milazzo',                     'IT',  38.216670,   15.250000, 'Medium',     'Open Roadstead',     'Under 500'''),
(40115, 'Gioia Tauro',                 'Port of Gioia Tauro',                 'IT',  38.416670,   15.900000, 'Small',      'Lake or Canal',      'Under 500'''),
(40240, 'Siracusa',                    'Port of Siracusa',                    'IT',  37.050000,   15.283330, 'Large',      'Coastal Breakwater', 'Over 500'''),
(40330, 'Valletta Harbors',            'Port of Valletta Harbors',            'MT',  35.900000,   14.516670, 'Medium',     'Coastal Natural',    'Under 500'''),
(40340, 'Marsaxlokk',                  'Port of Marsaxlokk',                  'MT',  35.816670,   14.550000, 'Small',      'Coastal Natural',    'Under 500'''),
(40470, 'Taranto',                     'Port of Taranto',                     'IT',  40.466670,   17.200000, 'Large',      'Coastal Breakwater', 'Over 500'''),
(40500, 'Brindisi',                    'Port of Brindisi',                    'IT',  40.650000,   17.983330, 'Large',      'Coastal Breakwater', 'Over 500'''),
(40530, 'Bari',                        'Port of Bari',                        'IT',  41.133330,   16.866670, 'Medium',     'Coastal Breakwater', 'Under 500'''),
(40760, 'Porto Di Lido-Venezia',       'Port of Porto Di Lido-Venezia',       'IT',  45.416670,   12.433330, 'Large',      'Coastal Breakwater', 'Over 500'''),
(40790, 'Monfalcone',                  'Port of Monfalcone',                  'IT',  45.783330,   13.550000, 'Medium',     'River Basin',        'Over 500'''),
(40820, 'Trieste',                     'Port of Trieste',                     'IT',  45.650000,   13.766670, 'Large',      'Coastal Breakwater', 'Over 500'''),
(40860, 'Koper',                       'Port of Koper',                       'SI',  45.550000,   13.730000, 'Small',      'Coastal Natural',    'Under 500'''),
(41010, 'Rijeka Luka',                 'Port of Rijeka Luka',                 'HR',  45.333330,   14.433330, 'Large',      'River Basin',        'Under 500'''),
(42230, 'Piraievs',                    'Port of Piraievs',                    'GR',  37.933330,   23.650000, 'Large',      'Coastal Breakwater', 'Over 500'''),
(42530, 'Thessaloniki',                'Port of Thessaloniki',                'GR',  40.633330,   22.933330, 'Medium',     'Coastal Natural',    'Over 500'''),
(43334, 'Aliaga',                      'Port of Aliaga',                      'TR',  38.833330,   26.933330, 'Very Small', 'Coastal Breakwater', 'Under 500'''),
(43420, 'Istanbul',                    'Port of Istanbul',                    'TR',  41.016670,   28.966670, 'Large',      'Lake or Canal',      'Over 500'''),
(44200, 'Novorossiysk',                'Port of Novorossiysk',                'RU',  44.716670,   37.783330, 'Large',      'Coastal Breakwater', 'Under 500'''),
(44390, 'Trabzon',                     'Port of Trabzon',                     'TR',  41.016670,   39.766670, 'Very Small', 'Coastal Breakwater', 'Over 500'''),
(44750, 'Izmir',                       'Port of Izmir',                       'TR',  38.433330,   27.133330, 'Large',      'Coastal Natural',    'Under 500'''),
(44860, 'Mersin',                      'Port of Mersin',                      'TR',  36.800000,   34.633330, 'Medium',     'Coastal Breakwater', 'Under 500'''),
(44880, 'Iskenderun',                  'Port of Iskenderun',                  'TR',  36.600000,   36.166670, 'Very Small', 'Coastal Breakwater', 'Under 500'''),
(44950, 'Limassol',                    'Port of Limassol',                    'CY',  34.666670,   33.050000, 'Small',      'Coastal Breakwater', 'Under 500'''),
(44960, 'Larnaca',                     'Port of Larnaca',                     'CY',  34.916670,   33.650000, 'Small',      'Coastal Breakwater', 'Under 500'''),
(44970, 'Famagusta',                   'Port of Famagusta',                   'CY',  35.116670,   33.933330, 'Small',      'Coastal Breakwater', 'Under 500'''),
(45025, 'Tarabulus',                   'Port of Tarabulus',                   'LB',  34.450000,   35.830000, 'Medium',     'Coastal Breakwater', 'Under 500'''),
(45140, 'Bur Said (Port Said)',        'Port of Bur Said (Port Said)',        'EG',  31.266670,   32.300000, 'Large',      'Lake or Canal',      'Under 500'''),
(45151, 'Damietta',                    'Port of Damietta',                    'EG',  31.483330,   31.750000, 'Large',      'Coastal Breakwater', 'Over 500'''),
(45165, 'Al Iskandariyh (Alexandria)', 'Port of Al Iskandariyh (Alexandria)', 'EG',  31.166670,   29.833330, 'Large',      'Coastal Breakwater', 'Under 500'''),
(45320, 'Misratah',                    'Port of Misratah',                    'LY',  32.366670,   15.216670, 'Very Small', 'Open Roadstead',     'Over 500'''),
(45330, 'Mina Tarabulus (Tripoli)',    'Port of Mina Tarabulus (Tripoli)',    'LY',  32.900000,   13.183330, 'Medium',     'Coastal Breakwater', 'Under 500'''),
(45490, 'Annaba',                      'Port of Annaba',                      'DZ',  36.916670,    7.766670, 'Medium',     'Coastal Breakwater', 'Over 500'''),
(45570, 'Alger',                       'Port of Alger',                       'DZ',  36.766670,    3.066670, 'Large',      'Coastal Breakwater', 'Over 500'''),
(45640, 'Oran',                        'Port of Oran',                        'DZ',  35.700000,   -0.633330, 'Large',      'Coastal Breakwater', 'Under 500'''),
(45793, 'Casablanca',                  'Port of Casablanca',                  'MA',  33.600000,   -7.616670, 'Large',      'Coastal Breakwater', 'Over 500'''),
(46130, 'Lagos',                       'Port of Lagos',                       'NG',   6.400000,    3.400000, 'Large',      'River Natural',      'Over 500'''),
(46770, 'Cape Town',                   'Port of Cape Town',                   'ZA', -33.916670,   18.416670, 'Large',      'Coastal Breakwater', 'Over 500'''),
(46850, 'Durban',                      'Port of Durban',                      'ZA', -29.866670,   31.066670, 'Large',      'Coastal Breakwater', 'Under 500'''),
(47100, 'Mombasa',                     'Port of Mombasa',                     'KE',  -4.066670,   39.666670, 'Medium',     'Coastal Tide Gate',  'Under 500'''),
(47940, 'Port Sudan',                  'Port of Port Sudan',                  'SD',  19.600000,   37.233330, 'Medium',     'Coastal Breakwater', 'Over 500'''),
(48040, 'As Suways',                   'Port of As Suways',                   'EG',  29.966670,   32.550000, 'Large',      'Coastal Breakwater', 'Under 500'''),
(48055, 'Ain Sukhna Terminal',         'Port of Ain Sukhna Terminal',         'EG',  29.583330,   32.366670, 'Large',      'Open Roadstead',     'Over 500'''),
(48275, 'Dubayy',                      'Port of Dubayy',                      'AE',  25.266670,   55.300000, 'Small',      'Coastal Breakwater', 'Over 500'''),
(48276, 'Mina Jabal Ali',              'Port of Mina Jabal Ali',              'AE',  25.016670,   55.050000, 'Large',      'Coastal Breakwater', 'Over 500'''),
(48278, 'Abu Zaby',                    'Port of Abu Zaby',                    'AE',  24.500000,   54.333330, 'Medium',     'Coastal Breakwater', 'Over 500'''),
(48840, 'Mumbai (Bombay)',             'Port of Mumbai (Bombay)',             'IN',  18.966670,   72.866670, 'Large',      'Coastal Tide Gate',  'Over 500'''),
(49930, 'Port Klang',                  'Port of Port Klang',                  'MY',   3.000000,  101.400000, 'Large',      'Coastal Natural',    'Over 500'''),
(50000, 'Keppel - (East Singapore)',   'Port of Keppel - (East Singapore)',   'SG',   1.283330,  103.850000, 'Large',      'Coastal Natural',    'Over 500'''),
(50017, 'Jurong Island',               'Port of Jurong Island',               'SG',   1.283330,  103.733330, 'Large',      'Coastal Natural',    'Over 500'''),
(51587, 'Tanjung Pelepas',             'Port of Tanjung Pelepas',             'MY',   1.350000,  103.550000, 'Medium',     'River Basin',        'Over 500'''),
(57450, 'Bangkok',                     'Port of Bangkok',                     'TH',  13.750000,  100.500000, 'Large',      'River Natural',      'Under 500'''),
(57462, 'Laem Chabang',                'Port of Laem Chabang',                'TH',  13.083330,  100.883330, 'Small',      'Coastal Breakwater', 'Over 500'''),
(57840, 'Hong Kong',                   'Port of Hong Kong',                   'HK',  22.266670,  114.200000, 'Large',      'Coastal Natural',    'Under 500'''),
(57857, 'Yantian',                     'Port of Yantian',                     'CN',  22.583330,  114.266670, 'Small',      'Coastal Natural',    'Under 500'''),
(59940, 'Ningbo',                      'Port of Ningbo',                      'CN',  29.883330,  121.550000, 'Small',      'River Natural',      'Over 500'''),
(59970, 'Shanghai',                    'Port of Shanghai',                    'CN',  31.216670,  121.500000, 'Large',      'River Natural',      'Under 500'''),
(60320, 'Inchon',                      'Port of Inchon',                      'KR',  37.466670,  126.610000, 'Large',      'River Basin',        'Under 500'''),
(60376, 'Gwangyang Hang',              'Port of Gwangyang Hang',              'KR',  34.850000,  127.800000, 'Medium',     'Coastal Natural',    'Over 500'''),
(60390, 'Pusan',                       'Port of Pusan',                       'KR',  35.100000,  129.033330, 'Large',      'Coastal Breakwater', 'Over 500'''),
(61380, 'Tokyo Ko',                    'Port of Tokyo Ko',                    'JP',  35.666670,  139.750000, 'Large',      'Coastal Natural',    'Over 500'''),
(61390, 'Yokohama Ko',                 'Port of Yokohama Ko',                 'JP',  35.450000,  139.580000, 'Large',      'Coastal Breakwater', 'Over 500'''),
(61550, 'Osaka',                       'Port of Osaka',                       'JP',  34.650000,  135.430000, 'Large',      'Coastal Breakwater', 'Over 500'''),
(61560, 'Kobe',                        'Port of Kobe',                        'JP',  34.650000,  135.180000, 'Large',      'Open Roadstead',     'Over 500''');


-- -------------------------------------------------------------
-- 6. CONSTRUCTEUR
-- -------------------------------------------------------------
INSERT INTO constructeur (id_constructeur, nom_constructeur, code_iso2_pays, annee_fondation, ville_chantier) VALUES
(1,  'Hyundai Marine Works Ltd',       'KR', 1972, 'Ulsan'),
(2,  'Daewoo Shipbuilding Corp',       'KR', 1973, 'Geoje'),
(3,  'Samsung Heavy Marine',           'KR', 1974, 'Geoje'),
(4,  'Sinopacific Shipyards Group',    'CN', 1992, 'Shanghai'),
(5,  'Cosco Heavy Industries',         'CN', 1961, 'Dalian'),
(6,  'Jiangsu Eastern Shipbuilding',   'CN', 1979, 'Jingjiang'),
(7,  'Mitsubishi Maritime Group',      'JP', 1884, 'Nagasaki'),
(8,  'Imabari Naval Yards',            'JP', 1901, 'Imabari'),
(9,  'Tsuneishi Shipbuilding Co',      'JP', 1903, 'Fukuyama'),
(10, 'Fincantieri Yards SpA',          'IT', 1959, 'Trieste'),
(11, 'Mediterranean Naval Industries', 'IT', 1968, 'Genova'),
(12, 'Atlantic Shipyards SA',          'FR', 1956, 'Saint-Nazaire'),
(13, 'Hellenic Naval Construction',    'GR', 1971, 'Piraeus'),
(14, 'Iberian Marine Works',           'ES', 1947, 'Cadiz'),
(15, 'Nordica Marine Works AS',        'NO', 1962, 'Bergen'),
(16, 'Meyer Werft Group',              'DE', 1795, 'Papenburg'),
(17, 'Damen Naval Holding',            'NL', 1927, 'Gorinchem'),
(18, 'Sembcorp Marine Ltd',            'SG', 1963, 'Singapore');


-- -------------------------------------------------------------
-- 7. PROPRIETAIRE
-- -------------------------------------------------------------
INSERT INTO proprietaire (id_proprietaire, nom_proprietaire, code_iso2_pays, annee_creation, ville_siege) VALUES
(1,  'CMA CGM Group',                'FR', 1978, 'Marseille'),
(2,  'Evergreen Marine Corporation', 'SG', 1968, 'Singapore'),
(3,  'OOCL Lines Holdings',          'HK', 1969, 'Hong Kong'),
(4,  'COSCO Shipping Lines',         'CN', 1961, 'Shanghai'),
(5,  'A.P. Moller-Maersk A/S',       'DK', 1904, 'Copenhagen'),
(6,  'MSC Mediterranean Shipping',   'CH', 1970, 'Geneva'),
(7,  'ALAME Export SA',              'PA', 2005, 'Panama City'),
(8,  'Pacific Maritime Holdings',    'SG', 1985, 'Singapore'),
(9,  'Asian Lines Shipping Co',      'HK', 1992, 'Hong Kong'),
(10, 'Hellenic Maritime Trust',      'GR', 1976, 'Piraeus'),
(11, 'Italian Marine SpA',           'IT', 1981, 'Genova'),
(12, 'Helvetia Maritime SA',         'CH', 1995, 'Zurich'),
(13, 'Iberian Shipping Co',          'ES', 1988, 'Cadiz'),
(14, 'Levante Shipping Lebanon',     'LB', 1972, 'Beirut'),
(15, 'Cyprus Maritime Holdings',     'CY', 1990, 'Limassol'),
(16, 'Barbados Shipping Group',      'BB', 2001, 'Bridgetown'),
(17, 'Vanuatu Maritime Ltd',         'VU', 2008, 'Port Vila'),
(18, 'Nordic Bulk Carriers AS',      'NO', 1986, 'Oslo');


-- -------------------------------------------------------------
-- 8. NAVIRE
-- -------------------------------------------------------------
INSERT INTO navire (imo, mmsi, nom_navire, id_type_navire, id_pavillon, annee_construction, gross_tonnage, deadweight_tonnage, longueur_m, largeur_m, tirant_eau_m, id_societe_classification, id_constructeur) VALUES
(8206533,  374729000, 'NIVIN',                   1500, 1,   1983,   5462,   1626,  88.02, 18.01,  3.96,  1,  8),
(9693305,  353465000, 'BUENA DIOSA',             1540, 1,   2014,   2999,   3177,  96.00, 15.00,  4.80,  9, 17),
(9316921,  314690000, 'KARAMEL',                 1520, 89,  2005,  21059,  35287, 175.60, 28.40, 10.54,  8,  9),
(9325116,  417222439, 'GRACE',                   1520, 66,  2006,  21059,  35283, 175.60, 28.40, 10.54,  6,  4),
(9392157,  370295000, 'AMIRA MIRUNA',            1520, 1,   2010,  21100,  33738, 176.83, 28.80, 10.61,  1,  6),
(9437775,  314576000, 'HAGRID',                  1500, 89,  2008,   4109,   6064,  99.89, 16.60,  4.50,  1, 11),
(9987213,  563294600, 'CMA CGM VENDOME',         1510, 4,   2025, 237742, 221000, 400.00, 62.00, 15.20,  8,  5),
(9922598,  477928600, 'OOCL VALENCIA',           1510, 8,   2024, 235341, 228142, 399.99, 61.00, 15.20,  8,  3),
(9876347,  246301000, 'GHIBLI',                  1540, 20,  2022,   2999,   2655,  91.09, 14.80,  4.55,  8, 17),
(9909132,  352001747, 'EVER ARIA',               1510, 1,   2022, 236228, 241816, 399.99, 61.54, 15.20,  9,  3),
(9893993,  563166100, 'EVER ATOP',               1510, 4,   2022, 236228, 241816, 399.52, 61.50, 15.18,  7,  3),
(8804579,  311042400, 'GREEN MALOY',             1500, 7,   1990,   5084,   6120, 109.00, 18.02,  4.91,  8, 17),
(9839155,  228397700, 'CMA CGM MONTMARTRE',      1510, 10,  2021, 236583, 221103, 399.90, 61.30, 15.20,  2,  5),
(9496276,  667001917, 'MONTREUX',                1520, 113, 2012,  20924,  32252, 179.90, 28.40, 10.79, 11,  4),
(9641845,  314780000, 'BLUE CAPRAMAR',           1500, 89,  2012,   5357,   7800, 119.95, 17.60,  5.40,  1,  6),
(9223174,  636024265, 'PIONEER LADY',            1520, 2,   2001,  28029,  50169, 189.80, 32.26, 11.39,  1,  1),
(9523926,  247393900, 'VICTORIA',                1500, 15,  2010,   5629,   8063, 104.11, 18.20,  4.68, 11, 11),
(9872157,  412260000, 'COSCO SHIPPING ZHUO YUE', 1500, 17,  2019,  40250,  61991, 201.80, 32.26,  9.08,  3,  5),
(9254642,  257328000, 'STAR JUVENTAS',           1500, 12,  2004,  32679,  44837, 198.00, 31.00,  8.91,  5,  1),
(7104972,  450421000, 'FREEDOM',                 1500, 46,  1971,   1879,   2794,  86.99, 15.02,  3.91, 11, 13),
(9859569,  247383600, 'ECO SAVONA',              1510, 15,  2021,  67311,  18097, 238.00, 34.00,  9.04, 11, 10),
(9950765,  563213800, 'EVER CHAMP',              1510, 4,   2023,  18747,  24594, 172.00, 27.50,  6.54,  7,  2),
(9547166,  563056300, 'IKAN LANDUK',             1500, 4,   2013,  22852,  37115, 177.80, 28.60,  8.00,  1,  6),
(9686998,  247333800, 'ARTETECA',                1601, 15,  2013,    457,    100,  32.50, 11.70,  4.23, 11, 11),
(9145138,  577473000, 'AJOS',                    1500, 111, 1996,   1995,   3312,  88.49, 11.35,  3.98,  9, 16),
(9491666,  372967000, 'EFFICIENCY OL',           1500, 1,   2010,  22852,  37130, 177.85, 28.60,  8.00,  9,  6),
(9147215,  271044659, 'MED CERKEZKOY',           1510, 27,  1998,   9528,  12918, 146.42, 22.70,  5.56,  2, 16),
(9639696,  353399000, 'TAO ACE',                 1520, 1,   2013,  15289,  25064, 158.15, 24.00,  9.49,  1,  4),
(9590979,  354180000, 'NAVI STAR',               1500, 1,   2011,  23264,  38243, 179.97, 29.80,  8.10,  1,  6),
(9168245,  356578000, 'SUMMIT XIAMEN',           1510, 1,   1998,  12471,  15231, 147.00, 25.00,  5.59,  9,  1),
(9950064,  538010485, 'VENTO DI BORA',           1510, 3,   2023,  18498,  24731, 172.03, 27.50,  6.54,  1,  2),
(8408650,  620939000, 'SPRING',                  1520, 112, 1985,   5586,   8881, 115.20, 18.60,  6.91,  7, 15),
(9301081,  305022400, 'CHS ALPHA',               1510, 88,  2005,   8971,  10746, 154.85, 21.50,  5.88,  5, 16),
(9428360,  352004025, 'GIANNA',                  1530, 1,   2009,  30006,  49999, 183.09, 32.20,  9.15,  9,  7),
(9356103,  477552900, 'MAERSK NAKURU',           1510, 8,   2008,  25904,  35137, 210.49, 29.80,  8.00,  8,  1),
(9756001,  228399100, 'CMA CGM SAVONA',          1510, 10,  2020, 153022, 184000, 366.00, 51.20, 13.91,  2,  5),
(9784230,  269123456, 'MSC GENEVA',              1510, 38,  2019, 155041, 184000, 366.45, 51.00, 13.93,  8,  3),
(9812456,  247500100, 'MEDITERRANEAN STAR',      1500, 15,  2015,   9650,  13900, 138.50, 21.30,  6.23, 11, 11),
(9621889,  257700100, 'NORDIC EXPLORER',         1520, 12,  2011,  27890,  49800, 188.50, 32.20, 11.31,  5, 15),
(9892374,  565400100, 'PACIFIC HARMONY',         1540, 4,   2018,  53090,  60000, 230.00, 36.50, 11.50,  8, 17),
(9145982,  247500200, 'LEVANTE PRINCESS',        1590, 15,  1998,  36825,   4800, 175.00, 28.40,  7.00, 11, 10),
(9534218,  247500300, 'RIVIERA FERRY',           1592, 15,  2008,  32500,   4200, 186.50, 25.60,  7.46, 11, 10),
(9876543,  244700100, 'OCEAN GUARDIAN',          1602, 20,  2017,   2890,   3500,  75.00, 17.00,  9.75,  8, 17),
(8923456,  232100100, 'SEA VOYAGER',             1830, 9,   2005,    290,     50,  28.50,  6.20,  2.28,  8, 12),
(7234561,  211100100, 'RHEIN TRANSPORTER',       8030, 11,  1985,   1850,   2400, 110.00, 11.40,  2.75,  5, 16);


-- -------------------------------------------------------------
-- 9. PROPRIETE_NAVIRE
-- -------------------------------------------------------------
INSERT INTO propriete_navire (imo, id_proprietaire, date_debut, date_fin) VALUES
(7104972,  14, '1994-01-15', NULL),
(7234561,  11, '1985-05-15', NULL),
(8206533,  15, '2002-09-01', '2005-08-31'),
(8206533,  14, '2005-09-01', '2011-09-16'),
(8206533,   7, '2011-09-17', NULL),
(8408650,  15, '1985-01-15', '2003-11-30'),
(8408650,   8, '2003-12-01', '2012-06-30'),
(8408650,  14, '2012-07-01', NULL),
(8804579,  18, '1990-01-15', '2024-06-30'),
(8923456,  12, '2005-06-15', NULL),
(9145138,  10, '1996-01-15', '2010-12-31'),
(9145138,  17, '2011-01-01', NULL),
(9145982,  14, '1998-05-15', '2010-12-31'),
(9145982,  11, '2011-01-01', NULL),
(9147215,  11, '1998-04-15', '2003-02-28'),
(9147215,  12, '2003-03-01', '2008-06-30'),
(9147215,  11, '2008-07-01', '2015-05-31'),
(9147215,   6, '2015-06-01', NULL),
(9168245,   8, '1998-04-15', '2003-08-31'),
(9168245,  15, '2003-09-01', '2019-10-31'),
(9168245,   8, '2019-11-01', '2024-09-30'),
(9168245,   9, '2024-10-01', '2025-05-31'),
(9168245,   8, '2025-06-01', NULL),
(9223174,  10, '2001-03-15', '2009-01-31'),
(9223174,  15, '2009-02-01', '2024-05-31'),
(9223174,  18, '2024-06-01', NULL),
(9254642,  18, '2004-05-15', NULL),
(9301081,  11, '2005-10-15', '2011-04-30'),
(9301081,  18, '2011-05-01', '2012-05-31'),
(9301081,  11, '2012-06-01', '2021-06-30'),
(9301081,   9, '2021-07-01', '2025-08-31'),
(9301081,  16, '2025-09-01', NULL),
(9316921,   8, '2005-05-15', '2013-08-31'),
(9316921,   9, '2013-09-01', '2022-10-31'),
(9316921,  16, '2022-11-01', NULL),
(9325116,   8, '2006-09-15', '2017-08-31'),
(9325116,  18, '2017-09-01', NULL),
(9356103,   5, '2008-07-15', NULL),
(9392157,  18, '2010-01-15', '2025-12-31'),
(9392157,  13, '2026-01-01', NULL),
(9428360,  11, '2009-03-15', '2011-04-30'),
(9428360,  14, '2011-05-01', '2022-08-31'),
(9428360,   8, '2022-09-01', '2024-04-30'),
(9428360,  13, '2024-05-01', NULL),
(9437775,   8, '2008-04-15', '2014-05-31'),
(9437775,  15, '2014-06-01', '2021-08-31'),
(9437775,  14, '2021-09-01', '2023-05-31'),
(9437775,  16, '2023-06-01', NULL),
(9491666,   8, '2010-09-15', NULL),
(9496276,   9, '2012-06-15', '2016-04-30'),
(9496276,  15, '2016-05-01', '2020-06-30'),
(9496276,  14, '2020-07-01', NULL),
(9523926,  12, '2010-02-15', '2019-08-31'),
(9523926,  11, '2019-09-01', NULL),
(9534218,  11, '2008-04-15', NULL),
(9547166,   8, '2013-08-15', NULL),
(9590979,   8, '2011-11-15', '2021-05-31'),
(9590979,  13, '2021-06-01', NULL),
(9621889,  18, '2011-06-15', NULL),
(9639696,   8, '2013-05-15', NULL),
(9641845,   9, '2012-03-15', '2023-08-31'),
(9641845,  16, '2023-09-01', NULL),
(9686998,  11, '2013-06-15', NULL),
(9693305,   8, '2014-03-15', NULL),
(9756001,   1, '2020-03-15', NULL),
(9784230,   6, '2019-05-15', NULL),
(9812456,  11, '2015-04-15', '2020-12-31'),
(9812456,  14, '2021-01-01', NULL),
(9839155,   1, '2021-03-15', NULL),
(9859569,  11, '2021-03-15', NULL),
(9872157,   4, '2019-08-15', NULL),
(9876347,   8, '2022-06-15', NULL),
(9876543,  12, '2017-08-15', NULL),
(9892374,   8, '2018-07-15', NULL),
(9893993,   2, '2022-10-15', NULL),
(9909132,   2, '2022-09-15', NULL),
(9922598,   3, '2024-01-15', NULL),
(9950064,   8, '2023-02-15', '2023-04-30'),
(9950064,  11, '2023-05-01', NULL),
(9950765,   2, '2023-12-15', NULL),
(9987213,   1, '2025-12-01', NULL);


-- -------------------------------------------------------------
-- 10. ESCALE
-- -------------------------------------------------------------
INSERT INTO escale (id_escale, imo, id_port, date_arrivee, heure_arrivee, date_depart, heure_depart) VALUES
(1,  8206533, 39440, '2023-04-16', '17:00:00', '2023-04-17', '09:30:00'),
(2,  9641845, 39440, '2023-04-15', '06:30:00', '2023-04-15', '22:00:00'),
(3,  9686998, 39440, '2023-04-16', '14:00:00', '2023-04-16', '16:30:00'),
(4,  9523926, 39440, '2023-04-17', '08:00:00', '2023-04-17', '18:45:00'),
(5,  9859569, 39440, '2023-04-15', '22:30:00', '2023-04-16', '12:00:00'),
(6,  9145982, 39440, '2023-04-16', '17:30:00', '2023-04-17', '06:00:00'),
(7,  8206533, 45320, '2024-05-18', '00:01:00', '2024-05-19', '14:00:00'),
(8,  8206533, 45330, '2024-06-02', '03:15:00', '2024-06-03', '11:30:00'),
(9,  9693305, 60390, '2024-04-28', '05:05:00', '2024-04-29', '16:00:00'),
(10, 9693305, 61560, '2024-04-26', '23:04:00', '2024-04-27', '06:00:00'),
(11, 9316921, 43420, '2024-05-22', '20:00:00', '2024-05-24', '08:30:00'),
(12, 9316921, 45570, '2024-04-15', '09:00:00', '2024-04-16', '21:00:00'),
(13, 9325116, 38550, '2023-09-10', '10:00:00', '2023-09-11', '22:30:00'),
(14, 9325116, 45165, '2023-06-15', '14:00:00', '2023-06-16', '23:00:00'),
(15, 9392157, 59970, '2024-04-20', '12:00:00', '2024-04-24', '23:51:00'),
(16, 9392157, 57840, '2024-03-10', '08:30:00', '2024-03-11', '17:00:00'),
(17, 9437775, 45570, '2025-05-22', '12:00:00', '2025-05-22', '19:00:00'),
(18, 9437775, 38810, '2025-05-15', '06:00:00', '2025-05-16', '17:30:00'),
(19, 9987213, 49930, '2025-03-17', '04:00:00', '2025-03-18', '23:00:00'),
(20, 9987213, 31250, '2025-02-15', '02:06:00', '2025-02-16', '18:00:00'),
(21, 9922598, 50000, '2025-05-10', '23:00:00', '2025-05-11', '14:00:00'),
(22, 9922598, 30910, '2025-04-08', '15:36:00', '2025-04-09', '12:00:00'),
(23, 9876347, 34690, '2025-05-25', '06:00:00', '2025-05-25', '18:00:00'),
(24, 9876347, 31140, '2025-05-15', '10:00:00', '2025-05-16', '22:30:00'),
(25, 9909132, 50000, '2025-04-12', '16:15:00', '2025-04-13', '22:00:00'),
(26, 9909132, 57857, '2025-04-09', '01:11:00', '2025-04-09', '18:00:00'),
(27, 9893993, 31140, '2025-06-08', '12:00:00', '2025-06-09', '22:00:00'),
(28, 9893993, 50000, '2025-05-13', '11:09:00', '2025-05-14', '06:00:00'),
(29, 8804579, 29230, '2023-08-12', '09:00:00', '2023-08-13', '18:00:00'),
(30, 8804579, 24020, '2023-08-20', '11:00:00', '2023-08-21', '16:00:00'),
(31, 9839155, 49930, '2025-06-03', '22:00:00', '2025-06-05', '10:00:00'),
(32, 9839155, 35580, '2025-04-29', '15:21:00', '2025-04-30', '06:00:00'),
(33, 9496276, 44200, '2025-03-20', '10:27:00', '2025-03-21', '03:00:00'),
(34, 9496276, 45330, '2025-04-01', '14:00:00', '2025-04-02', '09:30:00'),
(35, 9641845, 45151, '2025-04-26', '19:31:00', '2025-04-27', '10:00:00'),
(36, 9223174, 43420, '2025-05-24', '04:00:00', '2025-05-25', '16:00:00'),
(37, 9223174, 44200, '2025-05-22', '09:28:00', '2025-05-22', '18:00:00'),
(38, 9523926, 38290, '2025-05-21', '18:23:00', '2025-05-22', '02:00:00'),
(39, 9872157, 45165, '2025-05-24', '00:00:00', '2025-05-25', '14:30:00'),
(40, 9872157, 59970, '2024-12-10', '08:00:00', '2024-12-12', '16:00:00'),
(41, 9254642,  8770, '2025-05-05', '12:47:00', '2025-05-06', '08:00:00'),
(42, 9254642,  8860, '2025-04-25', '09:00:00', '2025-04-26', '17:00:00'),
(43, 7104972, 47100, '2024-12-15', '08:00:00', '2024-12-17', '18:00:00'),
(44, 7104972, 45330, '2024-11-20', '14:30:00', '2024-11-21', '09:00:00'),
(45, 9859569, 38550, '2025-05-23', '04:45:00', '2025-05-23', '18:00:00'),
(46, 9859569, 38480, '2025-05-22', '15:07:00', '2025-05-22', '23:00:00'),
(47, 9950765, 40860, '2025-05-22', '06:42:00', '2025-05-23', '14:00:00'),
(48, 9547166, 50000, '2025-04-10', '10:00:00', '2025-04-12', '06:00:00'),
(49, 9547166, 61380, '2025-03-05', '08:00:00', '2025-03-06', '14:00:00'),
(50, 9686998, 39420, '2025-05-22', '12:22:00', '2025-05-22', '12:45:00'),
(51, 9686998, 39470, '2025-05-20', '09:00:00', '2025-05-20', '11:00:00'),
(52, 9145138, 45165, '2025-05-21', '10:25:00', '2025-05-21', '22:00:00'),
(53, 9145138, 42230, '2025-05-25', '14:00:00', '2025-05-26', '06:00:00'),
(54, 9491666, 45165, '2025-05-21', '16:54:00', '2025-05-22', '04:00:00'),
(55, 9491666, 40330, '2025-05-24', '18:46:00', '2025-05-25', '12:00:00'),
(56, 9147215, 45165, '2025-05-23', '05:30:00', '2025-05-23', '22:00:00'),
(57, 9147215, 43420, '2025-05-10', '12:00:00', '2025-05-11', '06:00:00'),
(58, 9639696, 43334, '2025-05-19', '18:00:00', '2025-05-20', '16:00:00'),
(59, 9639696, 42530, '2025-05-18', '12:48:00', '2025-05-19', '02:00:00'),
(60, 9590979, 43420, '2025-05-19', '06:00:00', '2025-05-20', '22:00:00'),
(61, 9168245, 48055, '2025-05-23', '05:00:00', '2025-05-23', '22:00:00'),
(62, 9168245, 47940, '2025-05-20', '16:06:00', '2025-05-21', '09:00:00'),
(63, 9950064, 40330, '2025-05-21', '20:46:00', '2025-05-22', '18:00:00'),
(64, 9950064, 45025, '2025-05-15', '08:00:00', '2025-05-16', '14:00:00'),
(65, 8408650, 45025, '2025-05-15', '06:33:00', '2025-05-16', '18:00:00'),
(66, 8408650, 45151, '2025-04-28', '10:00:00', '2025-04-29', '18:00:00'),
(67, 9301081, 45140, '2025-05-21', '15:37:00', '2025-05-22', '12:00:00'),
(68, 9301081, 44950, '2025-05-10', '14:00:00', '2025-05-11', '10:00:00'),
(69, 9428360, 44950, '2025-05-22', '16:45:00', '2025-05-23', '14:00:00'),
(70, 9428360, 43334, '2025-04-15', '08:00:00', '2025-04-16', '16:00:00'),
(71, 9356103, 45140, '2025-05-18', '13:00:00', '2025-05-19', '06:00:00'),
(72, 9356103, 45165, '2025-05-12', '09:00:00', '2025-05-13', '14:00:00'),
(73, 9756001, 39440, '2024-09-15', '08:00:00', '2024-09-16', '22:00:00'),
(74, 9756001, 38810, '2024-10-02', '06:00:00', '2024-10-03', '18:00:00'),
(75, 9756001, 50000, '2025-01-12', '10:00:00', '2025-01-14', '16:00:00'),
(76, 9784230, 31140, '2024-11-10', '14:00:00', '2024-11-12', '09:00:00'),
(77, 9784230, 40330, '2025-02-05', '18:00:00', '2025-02-06', '14:00:00'),
(78, 9812456, 39470, '2024-03-10', '09:00:00', '2024-03-11', '18:00:00'),
(79, 9812456, 38550, '2024-04-15', '12:00:00', '2024-04-16', '22:00:00'),
(80, 9812456, 45165, '2024-08-20', '06:30:00', '2024-08-21', '17:00:00'),
(81, 9621889, 23810, '2024-06-20', '10:00:00', '2024-06-22', '16:00:00'),
(82, 9621889, 24020, '2024-07-15', '08:00:00', '2024-07-16', '22:00:00'),
(83, 9892374, 50000, '2024-09-05', '12:00:00', '2024-09-07', '06:00:00'),
(84, 9892374, 61560, '2024-10-22', '14:00:00', '2024-10-24', '09:00:00'),
(85, 9145982, 39960, '2023-04-13', '09:00:00', '2023-04-14', '22:00:00'),
(86, 9145982, 38810, '2023-04-19', '08:30:00', '2023-04-21', '14:00:00'),
(87, 9145982, 38550, '2023-04-25', '10:00:00', '2023-04-27', '18:00:00'),
(88, 9534218, 39590, '2024-05-15', '06:00:00', '2024-05-15', '14:00:00'),
(89, 9534218, 39470, '2024-05-16', '08:00:00', '2024-05-16', '16:00:00'),
(90, 9534218, 40330, '2024-08-10', '12:00:00', '2024-08-11', '06:00:00'),
(91, 9876543, 31140, '2024-08-20', '10:00:00', '2024-08-21', '06:00:00'),
(92, 9876543, 31060, '2024-09-05', '14:00:00', '2024-09-06', '18:00:00'),
(93, 8923456, 35580, '2024-07-10', '09:00:00', '2024-07-12', '16:00:00'),
(94, 8923456, 38810, '2024-08-25', '11:00:00', '2024-08-30', '18:00:00'),
(95, 7234561, 31140, '2024-04-10', '06:00:00', '2024-04-11', '14:00:00'),
(96, 7234561, 31250, '2024-05-15', '08:00:00', '2024-05-16', '12:00:00');